Smiles,lable
O=[N+]([O-])c1ccc(C2CC(c3c4ccccc4cc4ccccc34)=NN2)cc1,1
O=[N+]([O-])c1cccc(C2CC(c3c4ccccc4cc4ccccc34)=NN2)c1,1
Oc1ccccc1C1CC(c2c3ccccc3cc3ccccc23)=NN1,1
Oc1ccc(C2CC(c3c4ccccc4cc4ccccc34)=NN2)c(O)c1,1
O=C1OCc2ccc(OCCCc3ccccc3)cc21,1
N#Cc1cccc(COc2ccc3c(c2)CCCC3=O)c1,1
O=C(Oc1ccccc1)N1N=C(c2ccccc2O)CC1c1ccc(Cl)cc1,1
CC/N=C1/CCc2c1n(C)c1ccc(OC(=O)NC)c(Cl)c21,1
COc1cc(O)c2c(=O)c3cccc(O)c3oc2c1,1
C#CCN(C)CCc1ccc(O)c2ncccc12,1
Cc1cccc(/C=C/C(=N/NC(=O)c2snnc2C)c2ccc(Cl)cc2)c1,1
COc1ccc(/C=C/C(=N/NC(=O)c2snnc2C)c2ccc(Cl)cc2)cc1,1
Cc1ccc(/C=C/C(=N/NC(=O)c2snnc2C)c2ccc(Cl)cc2)cc1,1
Cc1ccc([C@H]2CC(c3cc(Br)ccc3O)=NN2C(=O)c2ccccc2)cc1,1
COc1ccc(C(/C=C/c2ccc(C)cc2)=N\NC(=O)c2snnc2C)cc1,1
COc1ccc(/C=C/C(=O)c2ccc(Br)cc2)cc1,1
Cc1ccc(NC(=S)N/N=C/c2ccc(-n3nc4c(c3C)N(C)S(=O)(=O)c3ccccc3-4)cc2)cc1,1
Cc1ccccc1NC(=S)N/N=C/c1ccc(-n2nc3c(c2C)N(C)S(=O)(=O)c2ccccc2-3)cc1,1
COc1cc(O)c2c(=O)c(O)c(-c3ccc(O)cc3)oc2c1,1
Fc1ccc(-c2csc(N/N=C/c3ccc(N4CCOCC4)cc3)n2)c(F)c1,1
Fc1ccc(-c2csc(N/N=C/c3ccc(N4CCOCC4)cc3)n2)cc1,1
C#CCN(C)c1nc(NCCCCC2CCN(Cc3ccccc3)CC2)c(C#N)cc1C#N,1
O=C(Cl)C1=Cc2cc(Br)ccc2CC1=O,1
Cc1ccc2c(c1)C=C(C(=O)Cl)C(=O)C2,1
O=C(Cl)C1=Cc2cc([N+](=O)[O-])ccc2CC1=O,1
O=C(Cl)C1=Cc2cc(Cl)ccc2CC1=O,1
O=C(Cl)C1=Cc2ccccc2CC1=O,1
O=C(O)C1=Cc2cc([N+](=O)[O-])ccc2CC1=O,1
CC(=O)N1N=C(c2ccc(O)cc2)CC1c1cccc(C)c1,1
CC(=O)N1N=C(c2ccc(O)cc2)CC1c1ccccc1Cl,1
COc1ccc(C2CC(c3ccc(O)cc3O)=NN2C(C)=O)cc1,1
COc1ccc(C2CC(c3ccc(O)cc3)=NN2C(C)=O)cc1,1
CC(=O)N1N=C(c2ccc(O)cc2O)CC1c1ccc(C)cc1,1
CC(=O)N1N=C(c2ccc(O)cc2)CC1c1cccc(Cl)c1,1
CC(=O)N1N=C(c2ccc(O)cc2O)CC1c1ccc(Cl)cc1,1
COc1ccc(C2CC(c3ccc(O)cc3)=NN2C(C)=O)c(OC)c1,1
CC(=O)N1N=C(c2ccc(O)cc2)CC1c1ccc(C)cc1,1
CC(=O)N1N=C(c2ccc(O)cc2)CC1c1ccc(Cl)cc1,1
Cn1c(=O)c2c(nc(OCc3cccc(Br)c3)n2C)n(C)c1=O,1
Cn1c(=O)c2c(nc(OCc3cccc(Cl)c3)n2C)n(C)c1=O,1
COc1ccc(-c2[nH]c3cc(C#N)c(C#N)cc3c2Cl)cc1,1
N#Cc1ccc(OCc2ccc(Br)cc2)cc1C#N,1
Cn1c(-c2cccs2)c(Cl)c2cc(C#N)c(C#N)cc21,1
Cc1ccc(-c2[nH]c3cc(C#N)c(C#N)cc3c2Cl)cc1,1
CC(=O)COc1ccc2c3c(c(=O)oc2c1C)CCCC3,1
Cc1cc(=O)oc2c(C)c(OC3CCCC3=O)ccc12,1
Cc1cc(=O)oc2cc(OC3CCCC3=O)ccc12,1
COc1cc2c3c(nccc3c1)-c1ccccc1C2=O,1
COC1=Cc2ccnc3c2c(cc2ccccc23)C1=O,1
COc1cc2c3c(c1)C(=O)c1ccccc1C3=NCC2,1
O=C1c2ccccc2-c2nccc3cc(O)cc1c23,1
COc1cc2c3c(c1O)C(=O)c1ccccc1C3=NCC2,1
C#CCCCCOc1ccc2cc(C(=O)OC)c(=O)oc2c1,1
C#CCCCCOc1ccc2c(C)cc(=O)oc2c1,1
CC(=O)Nc1cc2ccc(OCc3cccc(Cl)c3)cc2oc1=O,1
CCCCCCOc1ccc2cc(C(=O)OC)c(=O)oc2c1,1
C#CCCCCOc1ccc2cc(NC(C)=O)c(=O)oc2c1,1
COC(=O)c1cc2ccc(OCCc3ccc(Cl)cc3)cc2oc1=O,1
COC(=O)c1cc2ccc(OCc3cccc(F)c3)cc2oc1=O,1
Cc1nccc2c1[nH]c1cc(OCCCC(F)(F)F)ccc12,1
Cc1nccc2c1[nH]c1cc(OCC(C)C)ccc12,1
Cc1nccc2c1[nH]c1cc(OCC3CCCCC3)ccc12,1
C=CCOc1ccc2c(c1)[nH]c1c(C)nccc12,1
Cc1nccc2c1[nH]c1cc(OCCc3ccccc3)ccc12,1
Cc1nccc2c1[nH]c1cc(OCc3cccnc3)ccc12,1
Cc1nccc2c1[nH]c1cc(OCCO)ccc12,1
COCCOc1ccc2c(c1)[nH]c1c(C)nccc12,1
Cc1nccc2c1[nH]c1cc(OCc3ccncc3)ccc12,1
Cc1nccc2c1[nH]c1cc(OCc3ccc4ccccc4c3)ccc12,1
O=C1Nc2ccc(/C=C/c3ccccc3)cc2C1=O,1
CCCCSc1ccc(C[C@H](C)N)cc1,1
CCCSc1ccc(C[C@H](C)N)cc1,1
CCSc1ccc(C[C@H](C)N)cc1,1
Cl.N[C@@H]1C[C@H]1c1ccc(NC(=O)c2ccccc2)cc1,1
Cl.N[C@H]1C[C@H]1c1ccc(NC(=O)c2ccccc2)cc1,1
Cl.NC1CC1c1ccc(NC(=O)c2ccccc2)cc1,1
Cl.N[C@@H]1C[C@@H]1c1ccc(NC(=O)c2ccccc2)cc1,1
Cl.N[C@H]1C[C@@H]1c1ccc(NC(=O)c2ccccc2)cc1,1
Cl.N[C@H]1C[C@H]1c1cccc(NC(=O)c2ccccc2)c1,1
Cl.N[C@]1(CCc2ccccc2)C[C@H]1c1ccccc1,1
C[C@]1(N)C[C@@H]1c1ccccc1.O=C(O)C(F)(F)F,1
Cl.N[C@@]1(c2ccccc2)C[C@H]1c1ccccc1,1
Cl.N[C@@]1(c2ccccc2)C[C@@H]1c1ccccc1,1
Cl.N[C@@H]1C[C@H]1c1ccc(NC(=O)c2cccc(NC(=O)OCc3ccccc3)c2)cc1,1
Cl.N[C@@H]1C[C@H]1c1ccc(NC(=O)c2ccc(N3CCOC3=O)cc2)cc1,1
N[C@@H]1C[C@H]1c1ccc(NC(=O)c2ccccc2)cc1,1
Cl.N[C@@H]1C[C@H]1c1ccc(NC(=O)c2ccc(-c3ccoc3)cc2)cc1,1
Cl.N[C@@H]1C[C@H]1c1ccc(NC(=O)c2ccc(N3CCOCC3)cc2)cc1,1
Cl.N[C@@H]1C[C@H]1c1ccc(NC(=O)c2cccc(N3CCOC3=O)c2)cc1,1
C#CCN(C)CC(=C)c1ccoc1.O=C(O)C(=O)O,1
C#CCN(C)CC(=C)c1ccc(Br)cc1.Cl,1
C#CCN(C)CC(=C)c1ccc(Cl)c(Cl)c1.O=C(O)C(=O)O,1
C#CCN(C)CC(=C)c1cccc(COc2ccc(F)cc2)c1.O=C(O)C(=O)O,1
C#CCNCC(=C)c1cccc(OCc2cccc(F)c2)c1.O=C(O)C(=O)O,1
C#CCN(C)CC(=C)c1ccc(F)c(F)c1.O=C(O)C(=O)O,1
C#CCN(C)CC(=C)c1cccs1.Cl,1
C#CCN(C)CC(=C)c1ccc(F)cc1.Cl,1
C#CCN(C)CC(=C)c1ccc(Cl)cc1.O=C(O)C(=O)O,1
C#CCN(C)CC(=C)c1ccc(Cl)c(C)c1.O=C(O)C(=O)O,1
C#CCN(C)CC(=C)c1cccc(OCc2ccccc2)c1.O=C(O)C(=O)O,1
C#CCN(C)CC(=C)c1ccc(F)c(Cl)c1.O=C(O)C(=O)O,1
C#CCN(C)CC(=C)c1cccc(OCc2cccc(OC)c2)c1.O=C(O)C(=O)O,1
C#CCN(C)CC(=C)c1cccc(CNc2ccccc2)c1.O=C(O)C(=O)O,1
C#CCN(C)CC(=C)c1cccc(F)c1.O=C(O)C(=O)O,1
C#CCN(C)CC(=C)c1cccc(COc2ccc(OC)cc2)c1.O=C(O)C(=O)O,1
C#CCN(C)CC(=C)c1cccc(OCc2ccc(F)cc2)c1.O=C(O)C(=O)O,1
C#CCN(C)CC(=C)c1cccc(COc2cccc(F)c2)c1.O=C(O)C(=O)O,1
C#CCN(C)CC(=C)c1ccc(F)c(C)c1.O=C(O)C(=O)O,1
C#CCN(C)CC(=C)c1ccc(C)c(C)c1.O=C(O)C(=O)O,1
C#CCN(C)CC(=C)c1cccc(COc2ccccc2)c1.O=C(O)C(=O)O,1
C#CCN(C)CC(=C)c1cccc(COc2cccc(OC)c2)c1.O=C(O)C(=O)O,1
C#CCN(C)CC(=C)c1cccc(Cl)c1.O=C(O)C(=O)O,1
C#CCN(C)CC(=C)Cc1ccc(F)c(F)c1.O=C(O)C(=O)O,1
C#CCN(C)CC(=C)c1cccc(OCc2cccc(F)c2)c1.O=C(O)C(=O)O,1
C#CCN(C)CC(=C)c1ccc(COc2ccccc2)cc1.O=C(O)C(=O)O,1
C#CCN(C)CC(=C)c1cccc(OCc2ccc(OC)cc2)c1.O=C(O)C(=O)O,1
C#CCN(C)CC(=C)c1ccccc1.Cl,1
C#CCN(C)CC(=C)c1cccc(OC)c1.O=C(O)C(=O)O,1
CCN(C)c1ccc(/C=C2\Oc3cc(O)cc(O)c3C2=O)cc1,1
CC[C@@H]1Cc2c(C)cc(-c3cncnc3)c(O)c2C(=O)O1,1
CN1C(=N)N(C)/C(=C/c2c[nH]c3cc(Br)ccc23)C1=O,1
C/N=C1\N(C)C(=O)/C(=C\c2c[nH]c3cc(Br)ccc23)N1C,1
C/N=C1\NC(=O)/C(=C\c2c[nH]c3cc(Br)ccc23)N1C,1
CN1C(=N)N(C)/C(=C/c2c[nH]c3c(Br)cccc23)C1=O,1
C/N=C1\N(C)C(=O)/C(=C\c2c[nH]c3ccc(Br)cc23)N1C,1
C/N=C1\N(C)C(=O)/C(=C\c2c[nH]c3ccccc23)N1C,1
CN(C)c1ccc2nc3ccc(=[N+](C)C)cc-3sc2c1,1
C#CCNCc1cc2cc(OCCCC3CCN(Cc4ccccc4)CC3)ccc2n1C,1
C#CCN(C)Cc1ccnc2c(O)cccc12,1
Cc1c(C)c2ccc(OS(=O)(=O)c3ccc([N+](=O)[O-])cc3)cc2oc1=O,1
O=C(O)c1cc2cc([N+](=O)[O-])ccc2oc1=O,1
CN(C)c1ccc(-c2nnc3c(C(=O)c4ccccc4)nc4ccccc4n23)cc1,1
O=C(c1ccccc1)c1nc2ccccc2n2c(-c3ccccc3)nnc12,1
C/C(=N\Nc1nc2ccccc2nc1Cc1ccccc1)c1ccc(O)cc1,1
Oc1ccc(/C=N/Nc2nc3ccccc3nc2Cc2ccccc2)cc1,1
Clc1ccccc1/C=N/Nc1nc2ccccc2nc1Cc1ccccc1,1
Clc1ccccc1-c1nnc2c(Cc3ccccc3)nc3ccccc3n12,1
COc1ccc(-c2nnc3c(C(=O)c4ccccc4)nc4ccccc4n23)cc1,1
C(=N/Nc1nc2ccccc2nc1Cc1ccccc1)\c1ccc2c(c1)OCO2,1
COc1ccc(-c2nnc3c(C(=O)c4ccccc4)nc4ccccc4n23)cc1OC,1
O=[N+]([O-])c1ccc(/C=N/Nc2nc3ccccc3nc2Cc2ccccc2)cc1,1
CN(C)c1ccc(-c2nnc3c(C(=O)c4ccccc4)nc4ccccc4n23)cc1Br,1
Brc1cccc(/C=N/Nc2nc3ccccc3nc2Cc2ccccc2)c1,1
C/C(=N\Nc1nc2ccccc2nc1Cc1ccccc1)c1ccc(N)cc1,1
O=C(c1ccccc1)c1nc2ccccc2n2c(-c3ccc([N+](=O)[O-])cc3)nnc12,1
COc1cc(/C(C)=N/Nc2nc3ccccc3nc2Cc2ccccc2)cc(OC)c1OC,1
COc1ccc(/C=N/Nc2nc3ccccc3nc2Cc2ccccc2)cc1OC,1
COc1ccc(/C=N/Nc2nc3ccccc3nc2Cc2ccccc2)cc1,1
C/C(=N\Nc1nc2ccccc2nc1Cc1ccccc1)c1cccs1,1
Cc1ccsc1/C=N/Nc1nc2ccccc2nc1Cc1ccccc1,1
Clc1ccc(/C=N/Nc2nc3ccccc3nc2Cc2ccccc2)cc1,1
C/C(=N\Nc1nc2ccccc2nc1Cc1ccccc1)c1ccccc1,1
C(=N/Nc1nc2ccccc2nc1Cc1ccccc1)\c1ccccc1,1
c1ccc(Cc2nc3ccccc3n3c(-c4ccccc4)nnc23)cc1,1
CN(C)c1ccc(/C=N/Nc2nc3ccccc3nc2Cc2ccccc2)cc1,1
COc1ccccc1/C=N/Nc1nc2ccccc2nc1Cc1ccccc1,1
C=NNc1nc2ccccc2nc1Cc1ccccc1,1
C/C(=N\Nc1nc2ccccc2nc1Cc1ccccc1)c1ccc(C)cc1,1
c1ccc(Cc2nc3ccccc3n3cnnc23)cc1,1
O=C(c1ccccc1)c1nc2ccccc2n2c(-c3ccccc3Cl)nnc12,1
COc1ccc(/C(C)=N/Nc2nc3ccccc3nc2Cc2ccccc2)cc1,1
C/C(=N\Nc1nc2ccccc2nc1Cc1ccccc1)c1ccccn1,1
Cc1c(C#N)c(=O)oc2cc(OCc3ccc(Br)cc3)ccc12,1
Cc1cc(=O)oc2cc(OCc3ccc(Br)cc3)ccc12,1
COc1cc(C2=NNC(c3ccc(Cl)cc3)C2)ccc1O,1
CN(C)c1ccc2nc3ccc(=[N+](C)C)cc-3sc2c1.[Cl-],1
C#CCNC1CCc2c(SCc3ccc(F)cc3)cccc21,1
Cn1ncc2cc(C(=O)Nc3ccc(F)c(Cl)c3)ccc21,1
Cn1cc2cc(C(=O)Nc3ccc(F)c(Cl)c3)ccc2n1,1
COc1cc(C2=NN(S(=O)(=O)c3ccc(C)cc3)C(c3ccccc3)C2)ccc1O,1
C#CCNc1nc(NCCCC2CCN(Cc3ccccc3)CC2)c(C#N)cc1C#N,1
O/N=c1\cc(-c2cc3sccc3cn2)oc2ccc(CCCN3CCOCC3)cc12,0
O/N=c1\cc(-c2cc3cccn3cn2)oc2ccc(OCCN3CCOCC3)cc12,0
NCCCNCCCCNCCCNCc1ccc2ccccc2c1,0
CNc1nn2cc3c(nc2c1S(=O)(=O)c1ccccc1)CCN(C)C3,0
C#CCN(C)[C@H](C[18F])Cc1ccccc1,0
N=S(=O)(O)Cc1noc2ccccc12,0
COc1ccc(C(=O)N2N=C(c3cc(Br)ccc3O)C[C@H]2c2ccc(C)cc2)cc1,0
Nc1nc(O)c2[nH]nnc2n1,0
CC(C)(C)NC[C@H](O)COc1nsnc1N1CCOCC1,0
O=[N+]([O-])/C=C/c1ccc([N+](=O)[O-])o1,0
NC(=O)N/N=C/c1ccc([N+](=O)[O-])o1,0
COc1cc(Cc2cnc(N)nc2N)cc(OC)c1OC,0
CN1C(=O)OC(C)(C)C1=O,0
O=C(NP(=O)(N1CC1)N1CC1)OCc1ccccc1,0
NS(=O)(=O)c1cc(Cl)c(Cl)c(S(N)(=O)=O)c1,0
COc1cc2c(c(OC)c1OC)-c1ccc(OC)c(=O)cc1[C@@H](N)CC2.O=C(O)C(O)C(O)C(=O)O,0
C=C1[C@@H](C)[C@H]2[C@H](Cc3ccccc3)NC(=O)[C@]23OC(=O)/C=C/[C@H](O)CCC[C@@H](C)C/C=C/[C@H]3[C@@H]1O,0
CC(=O)NNC(=O)c1ccccn1,0
CO/N=C(\C(=O)N[C@@H]1C(=O)N2C(C(=O)O)=C(COC(N)=O)CS[C@H]12)c1ccco1,0
N[C@@H](CSCC(=O)O)C(=O)O,0
N#Cc1cc(Br)c(O)c(Br)c1,0
CC(C)=CCN1CC[C@]2(C)c3cc(O)ccc3C[C@H]1[C@H]2C,0
CC/C(=C(/CC)c1ccc(OS(=O)(=O)O)cc1)c1ccc(OS(=O)(=O)O)cc1,0
Cc1ccc(C(=O)O)cc1N(CCCl)CCCl,0
COc1ccc2c(c1OC)OC[C@H]1CNc3cc(C)c(C)cc3N[C@@H]21,0
CCC(CO[N+](=O)[O-])(CO[N+](=O)[O-])CO[N+](=O)[O-],0
CS(=O)(=O)OC[C@@H]1O[C@H]1[C@@H]1O[C@H]1COS(C)(=O)=O,0
CN1CC[C@]23c4c5ccc(O)c4O[C@H]2[C@@H](O)C=C[C@H]3[C@H]1C5,0
COCCOC1=C(N2CC2)C(=O)C(OCCOC)=C(N2CC2)C1=O,0
CC(C)=CCNc1ncnc2c1ncn2[C@@H]1O[C@H](CO)[C@@H](O)[C@H]1O,0
CC(=O)c1ccc2c(c1)N(CCCN1CCC(CCO)CC1)c1ccccc1S2,0
CCC(=O)N(c1ccccc1)C1(COC)CCN(CCn2nnn(CC)c2=O)CC1,0
Cc1c(C(N)=O)cc([N+](=O)[O-])cc1[N+](=O)[O-],0
CCN(CC)C(=O)Nc1ccc(OCC(O)CNC(C)(C)C)c(C(C)=O)c1,0
CCCCC1=C2N=C(N)N[C@H]3CC[C@@H](C[C@@H]1C)[C@@H]23,0
Nc1nc(=O)c2nc(CNc3ccc(C(=O)NC(CCC(=O)NC(CCC(=O)NC(CCC(=O)O)C(=O)O)C(=O)O)C(=O)O)cc3)cnc2[nH]1,0
CN(C)/N=N/c1[nH]cnc1C(N)=O,0
COc1cc2c(cc1O)N=C[C@@H]1CC[C@H](O)N1C2=O,0
CCOC(N)=O,0
CCOc1ccc(NC(C)=O)cc1.Cl,0
CC(C)(S)[C@@H](N)C(=O)O,0
Cn1cc(I)ccc1=O,0
C=CCC(C(=O)NC(N)=O)C(C)C,0
CC(=O)OCC(=O)[C@@]12N=C(C)O[C@@H]1C[C@H]1[C@@H]3CCC4=CC(=O)C=C[C@]4(C)[C@H]3[C@@H](O)C[C@@]12C,0
NC(N)=NS(=O)(=O)c1ccc(N)cc1,0
Clc1sc(Cl)c(Cl)c1Cl,0
CCOC(=O)OC(C)OC(=O)[C@@H]1N2C(=O)[C@@H](NC(=O)[C@H](N)c3ccccc3)[C@H]2SC1(C)C,0
C[C@H](N)C(=O)N[C@@H]1[C@H]2C(=C(O)C[C@@H](O)[C@@H]2O)C(=O)O[C@]1(C)C(Cl)Cl,0
CN1C(CSCC(F)(F)F)Nc2cc(Cl)c(S(N)(=O)=O)cc2S1(=O)=O,0
C[C@H]1O[C@@H](O[C@H]2[C@@H](O)C[C@H](O[C@H]3[C@@H](O)C[C@H](O[C@H]4CC[C@]5(C)[C@H]6C[C@@H](O)[C@]7(C)[C@@H](C8=CC(=O)OC8)CC[C@]7(O)[C@@H]6CC[C@@H]5C4)O[C@@H]3C)O[C@@H]2C)C[C@H](O)[C@@H]1O,0
O=c1[nH]nc(-c2ccncc2)o1,0
O=C1c2ccccc2C(=O)c2c(NCCNCCO)ccc(NCCNCCO)c21,0
CC[C@H](C)[C@@H]1NC(=O)[C@H](Cc2ccc(O)cc2)NC(=O)[C@@H](N)CSSC[C@@H](C(=O)N2CCC[C@H]2C(=O)N[C@@H](CC(C)C)C(=O)NCC(N)=O)NC(=O)[C@H](CC(N)=O)NC(=O)[C@H](CCC(N)=O)NC1=O,0
Nc1ccc(S(=O)(=O)Nc2ncccn2)cc1,0
O=C(O)CCCCSc1[nH]cnc2ncnc1-2,0
OC1CCCCC1N1CCC(c2ccccc2)CC1,0
O=C(Nc1ccc(OC(F)(F)F)cc1)c1cc(=O)c2ccccc2o1,0
O=C(Nc1ccc(C(F)(F)F)cc1)c1cc(=O)c2ccccc2o1,0
O=C(Nc1ccc(Cl)cc1)c1cc(=O)c2ccccc2o1,0
O=C(NC1CCCCC1)c1coc2ccccc2c1=O,0
O=C(Nc1ccc(OC(F)(F)F)cc1)c1coc2ccccc2c1=O,0
O=C(Nc1ccc(Cl)cc1)c1coc2ccccc2c1=O,0
CCCNC(=O)c1coc2ccccc2c1=O,0
COc1ccc(NC(=O)c2cc(=O)c3ccccc3o2)cc1OC,0
COc1ccc(NC(=O)c2cc(=O)c3ccccc3o2)cc1O,0
O=C(NC1CCCCC1)c1cc(=O)c2ccccc2o1,0
O=C(Nc1ccc([N+](=O)[O-])cc1)c1cc(=O)c2ccccc2o1,0
COc1ccc(NC(=O)c2coc3ccccc3c2=O)cc1OC,0
O=C(Nc1ccc(C(F)(F)F)cc1)c1coc2ccccc2c1=O,0
CCCNC(=O)c1cc(=O)c2ccccc2o1,0
CCn1cc(-c2cccc(C(F)(F)F)c2)c2sc(C(=N)NC3CCS(=O)(=O)CC3)cc2c1=O,0
CN(C(=O)Cn1c(=O)oc2ccc(-c3cccnc3)cc21)c1ccc(C(F)(F)F)cc1,0
Oc1ccc(Cl)cc1/C=N/c1ccc(OCc2ccccc2)cc1,0
Oc1ccc(/C=N/c2ccc(OCc3ccccc3)cc2)c(O)c1,0
Oc1c(Br)cc(Br)cc1/C=N/c1ccc(OCc2ccccc2)cc1,0
Oc1ccc(Br)cc1/C=N/c1ccc(OCc2ccccc2)cc1,0
COc1ccc(O)c(/C=N/c2ccc(OCc3ccccc3)cc2)c1,0
Oc1cc(O)c(/C=N/c2ccc(OCc3ccccc3)cc2)c(O)c1,0
Oc1ccc(/C=N/c2ccc(OCc3ccccc3)cc2)c(O)c1O,0
Cc1ccc(/C=N/c2ccc(OCc3ccccc3)cc2)c(O)c1,0
Cc1cccc(/C=N/c2ccc(OCc3ccccc3)cc2)c1O,0
Cc1ccc(O)c(/C=N/c2ccc(OCc3ccccc3)cc2)c1,0
Oc1ccc(F)cc1/C=N/c1ccc(OCc2ccccc2)cc1,0
O=[N+]([O-])c1ccc(O)c(/C=N/c2ccc(OCc3ccccc3)cc2)c1,0
Oc1ccc2ccccc2c1/C=N/c1ccc(OCc2ccccc2)cc1,0
Oc1ccccc1/C=N/c1ccc(OCc2ccccc2)cc1,0
COc1cccc(/C=N/c2ccc(OCc3ccccc3)cc2)c1O,0
COc1ccc(/C=N/c2ccc(OCc3ccccc3)cc2)c(O)c1,0
C/C(=N/Nc1nc(-c2ccc(C#N)cc2)cs1)c1cc2ccccc2oc1=O,0
C/C(=N/Nc1nc(-c2ccc([N+](=O)[O-])cc2)cs1)c1cccs1,0
C/C(=N/Nc1nc(-c2ccc([N+](=O)[O-])cc2)cs1)c1cccnc1,0
C/C(=N/Nc1nc(-c2ccc([N+](=O)[O-])cc2)cs1)c1cc2ccccc2oc1=O,0
C/C(=N/Nc1nc(-c2ccc(F)cc2F)cs1)c1ccc2ccccc2c1,0
C/C(=N/Nc1nc(-c2ccc([N+](=O)[O-])cc2)cs1)c1ccncc1,0
O=[N+]([O-])c1ccc(-c2csc(N/N=C\c3c[nH]c4ccccc34)n2)cc1,0
C/C(=N/Nc1nc(-c2ccc(F)cc2F)cs1)c1cc2ccccc2oc1=O,0
N#Cc1ccc(-c2csc(N/N=C\c3ccncc3)n2)cc1,0
C/C(=N/Nc1nc(-c2ccc(F)cc2)cs1)c1cc2ccccc2oc1=O,0
N#Cc1ccc(-c2csc(N/N=C\c3c[nH]c4ccccc34)n2)cc1,0
O=[N+]([O-])c1ccc(-c2csc(N/N=C\c3cccc4ccccc34)n2)cc1,0
O=[N+]([O-])c1ccc(-c2csc(N/N=C\c3cccnc3)n2)cc1,0
C/C(=C/CC1=CC(c2ccc([N+](=O)[O-])cc2)=CC1)c1ccc2ccccc2c1,0
O=[N+]([O-])c1ccc(-c2csc(N/N=C\c3ccc4c(c3)OCO4)n2)cc1,0
C/C(=N/Nc1nc(-c2ccc(C#N)cc2)cs1)c1ccc2ccccc2c1,0
O=[N+]([O-])c1ccc(-c2csc(N/N=C\c3ccncc3)n2)cc1,0
Fc1ccc(-c2csc(N/N=C\c3ccncc3)n2)c(F)c1,0
O=c1cc(C(F)(F)F)c2ccc(OCCN3CCN(CCCNc4c5c(nc6ccccc46)CCCC5)CC3)cc2o1,0
Nc1cc(=O)oc2cc(OCCN3CCN(CCCNc4c5c(nc6ccccc46)CCCC5)CC3)ccc12,0
COc1cc(=O)oc2cc(OCCN3CCN(CCCNc4c5c(nc6ccccc46)CCCC5)CC3)ccc12,0
Cc1cc2ccc(OCCN3CCN(CCCNc4c5c(nc6ccccc46)CCCC5)CC3)cc2oc1=O,0
O=c1cc(-c2ccccc2)c2ccc(OCCN3CCN(CCCNc4c5c(nc6ccccc46)CCCC5)CC3)cc2o1,0
O=c1ccc2ccc(OCCN3CCN(CCCNc4c5c(nc6ccccc46)CCCC5)CC3)cc2o1,0
O=c1ccc2ccc(OCCCCN3CCN(CCNc4c5c(nc6ccccc46)CCCC5)CC3)cc2o1,0
O=c1ccc2ccc(OCCCN3CCN(CCCNc4c5c(nc6ccccc46)CCCC5)CC3)cc2o1,0
O=c1ccc2ccc(OCCCCN3CCN(CCCNc4c5c(nc6ccccc46)CCCC5)CC3)cc2o1,0
O=c1ccc2ccc(OCCCN3CCN(CCNc4c5c(nc6ccccc46)CCCC5)CC3)cc2o1,0
O=c1ccc2ccc(OCCN3CCN(CCNc4c5c(nc6ccccc46)CCCC5)CC3)cc2o1,0
COc1ccc2nc(NC(=O)Nc3ccccc3)sc2c1,0
Cc1ccc(NC(=O)/C=C/c2coc3ccccc3c2=O)cc1C,0
O=C(/C=C/c1coc2ccccc2c1=O)Nc1ccccc1,0
CN(C)c1ccc(NC(=O)c2coc3ccccc3c2=O)cc1,0
O=C(/C=C/c1coc2ccccc2c1=O)Nc1ccc(Cl)cc1,0
O=C(Nc1ccc(Br)cc1)c1coc2ccccc2c1=O,0
C#Cc1ccc(NC(=O)c2coc3ccccc3c2=O)cc1,0
Cc1cccc(NC(=O)c2coc3ccccc3c2=O)c1C,0
CN(C(=O)c1coc2ccccc2c1=O)c1ccccc1,0
O=C(Nc1ccc(I)cc1)c1coc2ccccc2c1=O,0
Nc1ccc(NC(=O)c2coc3ccccc3c2=O)cc1,0
Cc1ccc(NC(=O)/C=C/c2coc3ccccc3c2=O)cc1,0
O=C(Nc1ccc(F)cc1)c1coc2ccccc2c1=O,0
O=C(Nc1ccccc1Cl)c1coc2ccccc2c1=O,0
Cc1cc(NC(=O)c2coc3ccccc3c2=O)cc(C)c1C,0
Cc1ccc(C(=O)Nc2coc3ccccc3c2=O)cc1,0
O=C(Nc1ccccc1Br)c1coc2ccccc2c1=O,0
Cc1cccc(NC(=O)c2coc3ccccc3c2=O)c1,0
CC(C)(C)OC(=O)Nc1ccc(NC(=O)c2coc3ccccc3c2=O)cc1,0
O=C(Nc1ccccc1O)c1coc2ccccc2c1=O,0
Cc1ccccc1NC(=O)c1coc2ccccc2c1=O,0
C=Cc1ccc(NC(=O)c2coc3ccccc3c2=O)cc1,0
CCc1ccc(NC(=O)c2coc3ccccc3c2=O)cc1,0
O=C(Nc1cccc(O)c1)c1coc2ccccc2c1=O,0
O=C(Nc1cccc(Cl)c1)c1coc2ccccc2c1=O,0
Cc1ccc(NC(=O)c2coc3ccccc3c2=O)cc1C,0
S=C(Nc1ccc(Oc2ccccc2)cc1)Nc1ccc2[nH]ccc2c1,0
Oc1ccc(CNC(=S)Nc2ccc3[nH]ccc3c2)cc1O,0
Oc1ccc(NC(=S)Nc2ccc3[nH]ccc3c2)cc1,0
OCc1ccc(NC(=S)Nc2ccc3[nH]ccc3c2)cc1,0
COc1ccc(NC(=S)Nc2ccc3[nH]ccc3c2)cc1OC,0
COc1ccc(CNC(=S)Nc2ccc3[nH]ccc3c2)cc1,0
Oc1cccc(NC(=S)Nc2ccc3[nH]ccc3c2)c1,0
Cc1ccc(NC(=S)Nc2ccc3[nH]ccc3c2)c(O)c1,0
O=C(c1ccccc1)c1ccc(NC(=S)Nc2ccc3[nH]ccc3c2)cc1,0
COc1ccc([C@@]2(F)C[C@H]2N)cc1OC,0
COc1ccc([C@@]2(F)C[C@H]2N)cc1,0
CC(=O)N1N=C(c2ccc(Br)cc2)OC1c1ccc(Cl)cc1,0
CC(=O)N1N=C(c2ccccc2)OC1c1ccc(F)cc1,0
COc1ccc(C2OC(c3ccncc3)=NN2C(C)=O)cc1,0
CC(=O)N1N=C(c2ccccc2)OC1c1ccc(N(C)C)cc1,0
CC(=O)N1N=C(c2ccccc2)OC1c1ccc([N+](=O)[O-])cc1,0
CC(=O)N1N=C(c2ccc(Cl)cc2)OC1c1ccc(Cl)cc1,0
CC(=O)N1N=C(c2ccncc2)OC1c1ccc(C)cc1,0
COc1ccc(C2OC(c3ccncc3)=NN2C(C)=O)cc1OC,0
CC(=O)N1N=C(c2ccccc2)O[C@H]1c1ccc(C)cc1,0
CC(=O)N1N=C(c2ccccc2)OC1c1ccc(Cl)cc1,0
CC(=O)N1N=C(c2ccncc2)OC1c1ccccc1,0
CC(=O)N1N=C(c2ccncc2)OC1c1ccc(N(C)C)cc1,0
CC(=O)N1N=C(c2ccccc2)OC1c1ccc(C)cc1,0
CC(=O)N1N=C(c2ccc(Cl)cc2)O[C@H]1c1ccc(Cl)cc1,0
CC(=O)N1N=C(c2ccccc2)OC1c1ccccc1,0
COc1ccc(C2=NN(C(C)=O)C(c3ccc(Cl)cc3)O2)cc1,0
CC(=O)N1N=C(c2ccc(C)cc2)OC1c1ccc(C)cc1,0
CC(=O)N1N=C(c2ccc([N+](=O)[O-])cc2)OC1c1ccc(Cl)cc1,0
CC(=O)N1N=C(c2ccc(C)cc2)OC1c1ccc(Cl)cc1,0
COc1ccc(C2OC(c3ccccc3)=NN2C(C)=O)cc1,0
CC(=O)N1N=C(c2ccc(C)cc2)OC1c1ccc(N(C)C)cc1,0
CC(=O)N1N=C(c2ccncc2)OC1c1ccc(Cl)cc1Cl,0
COc1ccc(C2OC(c3ccc(C)cc3)=NN2C(C)=O)cc1OC,0
CC(=O)N1N=C(c2ccncc2)OC1c1ccc(Cl)cc1,0
CC(=O)N1N=C(c2ccc(C)cc2)OC1c1ccccc1,0
CC(=O)N1N=C(c2ccc(C)cc2)OC1c1ccc(Cl)cc1Cl,0
COc1ccc(C2OC(c3ccc(C)cc3)=NN2C(C)=O)cc1,0
CC(=O)N1N=C(c2ccc(Br)cc2)O[C@H]1c1ccc(Cl)cc1,0
CC(C)(C)NC(=O)c1cc2cc([N+](=O)[O-])ccc2oc1=O,0
CCCCCCN(CCCCCC)C(=O)c1cc2cc([N+](=O)[O-])ccc2oc1=O,0
CC(C)NC(=O)c1cc2cc([N+](=O)[O-])ccc2oc1=O,0
CCCCSC(=O)c1cc2cc([N+](=O)[O-])ccc2oc1=O,0
O=C(Sc1ccc(Br)cc1)c1cc2cc(Br)c(Br)cc2oc1=O,0
O=C(Sc1ccc(Br)cc1)c1cc2cc(C(F)(F)F)ccc2oc1=O,0
CCCCSC(=O)c1cc2ccccc2oc1=O,0
O=C(SCc1ccco1)c1cc2cc(Br)c(Br)cc2oc1=O,0
CCCCSC(=O)c1cc2cc(Br)c(Br)cc2oc1=O,0
O=C(Sc1ccc(Br)cc1)c1cc2cc([N+](=O)[O-])ccc2oc1=O,0
CCC(C)NC(=O)c1cc2cc([N+](=O)[O-])ccc2oc1=O,0
O=C(Sc1ncccn1)c1cc2ccccc2oc1=O,0
CC(C)=CCOc1ccc(C(=O)/C=C/c2ccc(OCc3ccccc3)cc2)c(O)c1,0
CC(C)=CCOc1ccc(C(=O)/C=C/c2ccc(Cl)cc2)c(O)c1,0
O=C(/C=C/c1ccccc1)c1ccccc1,0
CC(C)=CCOc1ccc(C(=O)/C=C/c2ccccc2)c(O)c1,0
COc1ccc(C(=O)/C=C/c2ccc(Cl)cc2)cc1,0
COc1ccc(C(=O)/C=C/c2ccc(OCc3ccccc3)cc2)cc1,0
COc1ccc(/C=C/C(=O)c2ccc(OCC=C(C)C)cc2O)cc1,0
O=C(/C=C/c1ccc(Cl)cc1)c1ccc(OCc2ccccc2)cc1,0
CS(=O)(=O)c1ccc(C(=O)/C=C/c2ccc(Cl)cc2)cc1,0
CC(C)=CCOc1ccc(C(=O)/C=C/c2ccc(C)cc2)c(O)c1,0
O=C(/C=C/c1ccc(OCc2ccccc2)cc1)c1ccc(F)cc1,0
O=C(/C=C/c1ccc(Cl)cc1)c1ccccc1O,0
O=C(/C=C/c1ccc(Cl)cc1)c1ccc(O)cc1,0
O=C(O)c1cc(=O)c2ccccc2o1,0
O=C(O)c1coc2ccccc2c1=O,0
O=C(/C=C/C=C/c1ccccc1)Nc1ccccc1,0
O=C(/C=C/c1cccc(O)c1)Nc1cccc(Cl)c1,0
O=C(/C=C/c1cccc(O)c1)Nc1cccc(Br)c1,0
COc1c(OC/C=C(\C)C[C@@H]2C=C(CCC(N)=O)C(=O)O2)ccc2ccc(=O)oc12,0
NC(=S)N1N=C(c2ccc[nH]2)CC1c1ccccc1,0
NC(=S)N1N=C(c2ccco2)CC1c1cccs1,0
NC(=S)N1N=C(c2ccc[nH]2)CC1c1ccc(F)cc1,0
NC(=S)N1N=C(c2ccc[nH]2)CC1c1cccs1,0
Cc1c(O)ccc2c3c(c(=O)oc12)CCC3,0
Cc1cc(=O)oc2c(C)c3oc4c(c3cc12)CCCC4,0
Cc1cc(=O)oc2c(C)c(O)ccc12,0
COc1c(O)ccc2c3c(c(=O)oc12)CCCC3,0
COc1c(O)ccc2cc(N)c(=O)oc12,0
COc1cc(OCC(C)=O)cc2oc(=O)ccc12,0
O=P(NCCCO)(OCCCl)N(CCCl)CCCl,0
COc1cc(O)cc2oc(=O)ccc12,0
Cc1cc(=O)oc2cc(O)ccc12,0
Cn1c(=O)c2c(nc(NCCc3ccccn3)n2C)n(C)c1=O,0
Cn1c(=O)c2c(nc(Nc3ccccc3)n2C)n(C)c1=O,0
Cn1c(=O)c2c(nc(NC3CCCC3)n2C)n(C)c1=O,0
COc1ccc(CSc2nc3c(c(=O)n(C)c(=O)n3C)n2C)cc1,0
Cn1c(=O)c2c(nc(NCCCc3ccccc3)n2C)n(C)c1=O,0
Cn1c(=O)c2c(nc(NCc3ccccc3)n2C)n(C)c1=O,0
Brc1ccc(OCCOc2ccc3c(c2)OCO3)cc1,0
Clc1ccc(OCCOc2ccc3c(c2)OCO3)cc1,0
c1ccc(OCCOc2ccc3c(c2)OCO3)cc1,0
c1ccc(COc2ccc3c(c2)OCO3)cc1,0
Brc1ccc(OCCOc2ccc3c(c2)OCCO3)cc1,0
Clc1ccc(OCCOc2ccc3c(c2)OCCO3)cc1,0
CC(CCc1ccccc1)NCC(O)c1ccc(O)c(C(N)=O)c1,0
CCc1nc(N)nc(N)c1-c1ccc(Cl)c(Cl)c1,0
O=C(O)c1ccc(NC2OC[C@@H](O)[C@H](O)[C@H]2O)cc1,0
O[C@H](CBr)[C@@H](O)[C@H](O)[C@H](O)CBr,0
CNCCc1ccc(OC(=O)C(C)C)c(OC(=O)C(C)C)c1,0
C=CC1=C(C(=O)O)N2C(=O)[C@@H](NC(=O)/C(=N\OCC(=O)O)c3csc(N)n3)[C@H]2SC1,0
Cc1nnc(SCC2=C(C(=O)O)N3C(=O)[C@@H](NC(=O)Cn4cnnn4)[C@H]3SC2)s1,0
OC(Cl)C(Cl)Cl,0
COC1=C(C)C(=O)C2=C(C1=O)[C@@H](CO)N1[C@H](C#N)[C@H]3C[C@H]4[C@@H]5OCCN5[C@@H]2[C@@H]1[C@@H]4N3C,0
CCOC(=O)/C=C1\SC(N2CCCCC2)C(=O)N1C,0
CC(=O)Nc1ccc(/C=N/NC(N)=S)cc1,0
NC(=O)NO,0
OC[C@@H](O)[C@@H](O)[C@H](O)[C@H](O)CO,0
CCC1(c2ccccc2)C(=O)NCNC1=O,0
O=NN(CCCl)C(=O)NCCO,0
C[C@H]1CC2=CC(=O)CC[C@]2(C)[C@H]2CC[C@@]3(C)[C@@H](CC[C@]3(C)O)[C@H]12,0
CCCCCCCCCCCCCCCC(=O)N(CCCCN(C)C)CCCCN(C)C,0
CCOC(=O)[C@H](Cc1ccc(O)cc1)NC(=O)[C@H](Cc1ccc(N(CCCl)CCCl)cc1)NC(C)=O,0
CC(c1cnc2nc(N)nc(N)c2n1)N(C)c1ccc(C(=O)N[C@@H](CCC(=O)O)C(=O)O)cc1,0
O=C(O)Cc1ccc(N(CCCl)CCCl)cc1,0
Cc1ccc(S(=O)(=O)NC(=O)N[C@H]2[C@H]3CC[C@@](C)([C@H]2O)C3(C)C)cc1,0
COc1ccc(Cl)cc1C(=O)NCCc1ccc(S(=O)(=O)NC(=O)NC2CCCCC2)cc1,0
O=C(NP(=O)(N1CC1)N1CC1)c1ccc(F)cc1,0
Cc1cc(Cl)ccc1OCC(=O)O,0
CC(/C=N/N=C(N)N)=N\N=C(N)N,0
N#CC(O[C@@H]1O[C@H](CO[C@@H]2O[C@H](CO)[C@@H](O)[C@H](O)[C@H]2O)[C@@H](O)[C@H](O)[C@H]1O)c1ccccc1,0
COc1cccc2c1C(=O)c1c(O)c3c(c(O)c1C2=O)C[C@@](O)(C(=O)CO)C[C@@H]3O[C@H]1C[C@H](N)[C@H](O)[C@H](C)O1,0
CO[C@@]12[C@H](COC(N)=O)C3=C(C(=O)C(C)=C(N)C3=O)N1C[C@H]1[C@@H]2N1c1ccc(O)cc1,0
ClCCN(CCCl)CCCl,0
O[C@H](CNCCCl)[C@@H](O)[C@H](O)[C@H](O)CNCCCl,0
CC(=O)OC1C=CC(=O)OC1C1OC1C,0
C=CC(=O)NCNC(=O)CCBr,0
OC[C@H]1O[C@@H](n2cnc3c(S)ncnc32)[C@H](O)[C@@H]1O,0
CC1=C(/C=C/C(C)=C/C=C/C(C)=C/CO)C(C)(C)CCC1,0
CC(C)=CCOc1ccc(C2=NN(C(N)=S)C(c3ccccc3)C2)c(O)c1,0
CC(C)=CCOc1ccc(C2=NN(C(N)=S)C(c3ccc(OCc4ccccc4)cc3)C2)c(O)c1,0
CC(C)=CCOc1ccc(C2=NN(C(N)=S)C(c3ccc(Cl)cc3)C2)c(O)c1,0
CC(=O)N1N=C(c2ccc(OCC=C(C)C)cc2O)CC1c1ccccc1,0
COc1ccc(C2CC(c3ccc(OCC=C(C)C)cc3O)=NN2C(N)=S)cc1,0
CC(C)=CCOc1ccc(C2=NN(C(N)=S)C(c3ccc(C)cc3)C2)c(O)c1,0
CC(=O)N1N=C(c2ccc(OCC=C(C)C)cc2O)CC1c1ccc(C)cc1,0
COc1ccc(C2CC(c3ccc(OCC=C(C)C)cc3O)=NN2C(C)=O)cc1,0
CC(=O)N1N=C(c2ccc(OCC=C(C)C)cc2O)CC1c1ccc(Cl)cc1,0
CC(=O)N1N=C(c2ccc(Br)cc2)OC1c1ccc(Cl)c(Cl)c1,0
CC(=O)N1N=C(c2ccccc2)OC1c1ccc(Cl)c(Cl)c1,0
CC(=O)N1N=C(c2ccc(C)cc2)OC1c1ccc(Cl)c(Cl)c1,0
CC(=O)N1N=C(c2ccc(Cl)cc2)OC1c1ccc(Cl)c(Cl)c1,0
COc1ccc(C2=NN(C(C)=O)C(c3ccc(Cl)c(Cl)c3)O2)cc1,0
CC(=O)N1N=C(c2ccc([N+](=O)[O-])cc2)OC1c1ccc(Cl)c(Cl)c1,0
CC(=O)N1N=C(c2ccncc2)OC1c1ccc(Cl)c(Cl)c1,0
CC(=O)N1N=C(c2ccc(C#N)cc2)OC1c1ccc(Cl)c(Cl)c1,0
CC(=O)N1N=C(c2ccccc2C)OC1c1ccc(Cl)c(Cl)c1,0
CC(=O)N1N=C(c2ccc(N(C)C)cc2)OC1c1ccc(Cl)c(Cl)c1,0
CNC(=S)N1CCC(c2cccs2)=N1,0
COc1ccc(C2=NN(C(N)=S)CC2)cc1,0
CNC(=S)N1CCC(c2ccccc2C)=N1,0
CNC(=S)N1CCC(c2ccc(OC)cc2)=N1,0
Cc1cccc(C2=NN(C(N)=S)CC2)c1,0
NC(=S)N1CCC(c2ccc(Cl)cc2Cl)=N1,0
CNC(=S)N1CCC(c2cccc(C)c2)=N1,0
CC1CN(C(N)=S)N=C1c1ccccc1,0
NC(=S)N1CCC(c2ccc(F)cc2)=N1,0
CNC(=S)N1CC(C)C(c2ccc(OC)cc2)=N1,0
CNC(=S)N1CC(C)C(c2ccccc2)=N1,0
COc1cccc(C2=NN(C(N)=S)CC2)c1,0
NC(=S)N1CCC(c2cccs2)=N1,0
CNC(=S)N1CCC(c2cccc(OC)c2)=N1,0
Cc1ccccc1C1=NN(C(N)=S)CC1,0
CNC(=S)N1CC(C)C(c2ccc(F)cc2)=N1,0
CNC(=S)N1CC(C)C(c2ccc(Cl)cc2)=N1,0
Cc1ccc(C2=NN(C(N)=S)CC2)cc1,0
CNC(=S)N1CCC(c2ccc(F)cc2)=N1,0
Cc1ccc(C2=NN(C(N)=S)CC2C)cc1,0
CCOC(=O)c1cc2cc(I)cc(I)c2oc1=O,0
O=C(c1ccccc1)c1cc2ccccc2oc1=O,0
CCOC(=O)c1cc2ccc(OCc3ccccc3)cc2oc1=O,0
CC(=O)c1cc2cc(Cl)ccc2oc1=O,0
CCN(CC)c1ccc2cc(C(C)=O)c(=O)oc2c1,0
O=C(c1ccccc1)c1cc2cc(Cl)ccc2oc1=O,0
O=C(c1ccccc1)c1cc2cc(Br)cc(Br)c2oc1=O,0
CCOC(=O)c1cc2ccc(OCc3cccc(Cl)c3)cc2oc1=O,0
CC(=O)c1cc2cc(C)ccc2oc1=O,0
CCOC(=O)c1cc2ccc(N(CC)CC)cc2oc1=O,0
O=C(O)c1cc2cc(Br)cc(Br)c2oc1=O,0
CCN(CC)c1ccc2cc(C(=O)O)c(=O)oc2c1,0
CC(=O)c1cc2ccc(O)cc2oc1=O,0
CC(=O)c1cc2cc(I)cc(I)c2oc1=O,0
Cc1ccc2oc(=O)c(C(=O)c3ccccc3)cc2c1,0
CCOC(=O)c1cc2cc(OC)ccc2oc1=O,0
O=C(O)c1cc2ccc(OCc3cccc(Cl)c3)cc2oc1=O,0
NNC(=O)c1cc2ccccc2oc1=O,0
CCOC(=O)c1cc2cc(Cl)cc(Br)c2oc1=O,0
CC(=O)c1cc2cc(Br)cc(Br)c2oc1=O,0
O=C(c1ccccc1)c1cc2ccc(O)cc2oc1=O,0
COc1ccc2cc(C(=O)c3ccccc3)c(=O)oc2c1,0
O=C(c1ccccc1)c1cc2cc(Cl)cc(Br)c2oc1=O,0
CCOC(=O)c1cc2ccc(OCc3ccc(C(C)(C)C)cc3)cc2oc1=O,0
O=C(O)c1cc2cc(I)cc(I)c2oc1=O,0
CC(C)(C)c1ccc(COc2ccc3cc(C(=O)O)c(=O)oc3c2)cc1,0
CCOC(=O)c1cc2ccc(O)cc2oc1=O,0
CC(=O)c1cc2ccccc2oc1=O,0
CCN(CC)c1ccc2cc(C(=O)c3ccccc3)c(=O)oc2c1,0
O=C(O)c1cc2ccc(OC3CCCCCC3)cc2oc1=O,0
O=C(O)c1cc2ccc(OCc3ccc(Cl)c(Cl)c3)cc2oc1=O,0
CCOC(=O)c1cc2cc(Br)cc(Br)c2oc1=O,0
CCOC(=O)c1cc2ccc(OCc3ccc(Cl)c(Cl)c3)cc2oc1=O,0
O=C(c1ccccc1)c1cc2cc(Br)ccc2oc1=O,0
O=C(c1ccccc1)c1cc2c(ccc3ccccc32)oc1=O,0
O=C(c1ccccc1)c1cc2cc(I)cc(I)c2oc1=O,0
COc1ccc2cc(C(=O)O)c(=O)oc2c1,0
COc1ccc2oc(=O)c(C(=O)O)cc2c1,0
O=C(O)c1cc2cc(Cl)cc(Br)c2oc1=O,0
Cc1ccc2cc(-c3ccc(Br)nn3)c(=O)oc2c1,0
COc1ccc2oc(=O)c(-c3ccc(Br)nn3)cc2c1,0
COc1ccc(-c2cc3cccc(OC)c3oc2=O)nn1,0
COc1cccc2cc(-c3ccc(Br)nn3)c(=O)oc12,0
COc1ccc(-c2cc3cc(C)ccc3oc2=O)nn1,0
COc1ccc2cc(-c3ccc(OC)nn3)c(=O)oc2c1,0
COc1ccc2cc(-c3ccc(Br)nn3)c(=O)oc2c1,0
Cc1cccc2cc(-c3ccc(Cl)nn3)c(=O)oc12,0
COc1ccc2oc(=O)c(-c3ccc(Cl)nn3)cc2c1,0
COc1ccc2cc(-c3ccc(Cl)nn3)c(=O)oc2c1,0
Cc1ccc2oc(=O)c(-c3ccc(Cl)nn3)cc2c1,0
Cc1cccc2cc(-c3ccc(Br)nn3)c(=O)oc12,0
COc1cccc2cc(-c3ccc(Cl)nn3)c(=O)oc12,0
COc1ccc(-c2cc3ccc(C)cc3oc2=O)nn1,0
COc1ccc(-c2cc3cccc(C)c3oc2=O)nn1,0
Cc1ccc2cc(-c3ccc(Cl)nn3)c(=O)oc2c1,0
Cc1ccc2oc(=O)c(-c3ccc(Br)nn3)cc2c1,0
COc1ccc2oc(=O)c(-c3ccc(OC)nn3)cc2c1,0
Cc1ccc(-c2csc(N/N=C3\CCCCC3C)n2)cc1,0
Clc1ccc(-c2csc(NN=C3CCCCC3)n2)c(Cl)c1,0
Cc1ccc(/C=N/Nc2nc(-c3ccc(F)cc3)cs2)cc1,0
O=C1c2cc(Cl)ccc2OCC1Cc1ccc(Cl)cc1,0
COc1cccc(/C=C2\COc3ccccc3C2=O)c1OC,0
CN(C)c1ccc(/C=C2\COc3ccccc3C2=O)cc1,0
O=C1/C(=C/c2ccccc2)COc2ccccc21,0
O=c1c(Cc2ccc(Cl)cc2)coc2ccccc12,0
COc1ccc(/C=C2\COc3ccccc3C2=O)c(OC)c1,0
Nc1ccc(/C=C2\COc3ccccc3C2=O)cc1,0
O=C1/C(=C/c2ccccc2)COc2ccc(Cl)cc21,0
O=C1/C(=C/c2ccc(Cl)cc2)COc2ccccc21,0
O=C1c2ccccc2OCC1Cc1ccc(O)cc1,0
O=C1c2ccccc2OCC1Cc1ccccc1,0
O=c1c(Cc2ccc(Cl)cc2)coc2ccc(Cl)cc12,0
O=c1c(Cc2ccc(O)cc2)coc2ccccc12,0
O=c1c(Cc2ccccc2)coc2ccccc12,0
COc1ccc(/C=C2\COc3cc(OC)cc(OC)c3C2=O)cc1,0
O=C1/C(=C/c2ccc(Cl)cc2)COc2ccc(Cl)cc21,0
O=C1/C(=C/c2ccc(Cl)cc2)COc2cc(Cl)cc(Cl)c21,0
O=C1/C(=C/c2ccc(O)c([N+](=O)[O-])c2)COc2ccccc21,0
COc1ccc(/C=C2\COc3ccccc3C2=O)cc1O,0
O=C(O)c1cc(/C=C2\COc3ccccc3C2=O)ccc1O,0
O=C1c2c(Cl)cc(Cl)cc2OCC1Cc1ccc(Cl)cc1,0
O=C1c2ccccc2OCC1Cc1ccc(Cl)cc1,0
COc1ccc(Cc2coc3ccccc3c2=O)cc1,0
COc1ccc(/C=C2\COc3ccccc3C2=O)cc1,0
COc1cc(/C=C2\COc3ccccc3C2=O)cc(OC)c1OC,0
COc1ccc(Cc2coc3cc(OC)cc(OC)c3c2=O)cc1,0
COc1ccc(/C=C2\COc3ccccc3C2=O)c(OC)c1OC,0
C[C@@H]1CCC/C(=N/Nc2nc(-c3ccc([N+](=O)[O-])cc3)cs2)C1,0
Cc1ccc(-c2csc(N/N=C3/CCC[C@@H](C)C3)n2)cc1,0
C[C@H]1CCC/C(=N/Nc2nc(-c3ccc([N+](=O)[O-])cc3)cs2)C1,0
CC1CCC/C(=N/Nc2nc(-c3ccc([N+](=O)[O-])cc3)cs2)C1,0
Cc1ccc(-c2csc(N/N=C3/CCCC(C)C3)n2)cc1,0
COc1ccccc1NC(=O)c1cc2ccccc2oc1=O,0
Cc1ccccc1NC(=O)c1cc2cc([N+](=O)[O-])ccc2oc1=O,0
Cc1ccccc1NC(=O)c1cc2cc(Br)cc(Br)c2oc1=O,0
O=C(Nc1cccc(C(F)(F)F)c1)c1cc2cc(Br)cc(Br)c2oc1=O,0
COc1ccccc1NC(=O)c1cc2cc([N+](=O)[O-])ccc2oc1=O,0
O=C(c1cc2ccccc2oc1=O)N(c1ccccc1)c1ccccc1,0
Cc1cccc(NC(=O)c2cc3cc([N+](=O)[O-])ccc3oc2=O)c1,0
O=C(c1cc2cc(Br)cc(Br)c2oc1=O)N(c1ccccc1)c1ccccc1,0
O=C(Nc1cccc(C(F)(F)F)c1)c1cc2cc([N+](=O)[O-])ccc2oc1=O,0
Cc1cccc(NC(=O)c2cc3cc(Br)cc(Br)c3oc2=O)c1,0
Cc1ccccc1NC(=O)c1cc2ccccc2oc1=O,0
O=C(NCCCN1CCOCC1)c1cc2cc([N+](=O)[O-])ccc2oc1=O,0
COc1ccccc1NC(=O)c1cc2cc(Br)cc(Br)c2oc1=O,0
COc1cccc(OCc2nc3c(c(=O)n(C)c(=O)n3C)n2C)c1,0
Cn1c(=O)c2c(nc(COc3cccc(Cl)c3)n2C)n(C)c1=O,0
Cn1c(=O)c2c(nc(CCSc3cccc(Cl)c3)n2C)n(C)c1=O,0
COc1ccc(-c2c(O)c3cc(Cl)ccc3oc2=O)cc1Cl,0
COc1ccc(-c2c(O)c3cc(C)ccc3oc2=O)cc1,0
COc1ccc(-c2c(O)c3ccccc3oc2=O)cc1Cl,0
O=c1oc2ccccc2c(O)c1-c1ccccc1,0
COc1ccc(-c2c(O)c3ccccc3oc2=O)cc1,0
COc1ccc(-c2c(O)c3cc(C)ccc3oc2=O)cc1Cl,0
COc1ccc(-c2c(O)c3cc(Cl)ccc3oc2=O)cc1,0
O=C1c2ccc(OCCCC(F)(F)F)cc2-c2nnc(-c3cccc(C(F)(F)F)c3)cc21,0
CSc1ccc(NC(=O)c2cc(=O)c3ccccc3o2)cc1,0
Cc1ccc(NC(=O)c2coc3ccccc3c2=O)cc1,0
O=C(Nc1ccc(I)cc1)c1cc(=O)c2ccccc2o1,0
COc1ccc(NC(=O)c2cc(=O)c3ccccc3o2)cc1,0
COc1ccc(NC(=O)c2coc3ccccc3c2=O)cc1,0
CSc1ccc(NC(=O)c2coc3ccccc3c2=O)cc1,0
Cc1ccc(NC(=O)c2cc(=O)c3ccccc3o2)cc1,0
O=[N+]([O-])c1ccc2[nH]ncc2c1,0
COc1cccc(-c2cc3cc(C)ccc3oc2=O)c1,0
COc1ccccc1-c1cc2cc(C)ccc2oc1=O,0
COc1ccc(-c2cc3cc(C)ccc3oc2=O)cc1,0
COc1cc(OC)cc(-c2cc3cc(C)ccc3oc2=O)c1,0
COc1cc(-c2cc3cc(C)ccc3oc2=O)cc(OC)c1OC,0
CN(Cc1ccccc1)C(=O)c1cc2ccccc2oc1=O,0
O=C(Nc1ccccc1Cc1ccccc1)c1cc2ccccc2oc1=O,0
COc1ccc(NC(=O)c2cc3ccccc3oc2=O)cc1,0
CC(C)c1ccc(NC(=O)c2cc3ccc(OCc4ccc(F)cc4)cc3oc2=O)cc1,0
CC(C)CNC(=O)c1cc2ccccc2oc1=O,0
CN(C(=O)c1cc2ccc(OCc3ccccc3)cc2oc1=O)c1ccccc1,0
C#CCNC(=O)c1cc2ccccc2oc1=O,0
NCCNC(=O)c1cc2ccccc2oc1=O,0
O=C(Nc1cccc(F)c1)c1cc2ccccc2oc1=O,0
O=C(Nc1ccc(O)cc1)c1cc2ccccc2oc1=O,0
O=C(NCc1ccccc1)c1cc2ccccc2oc1=O,0
O=C(NC1CCCCC1)c1cc2ccccc2oc1=O,0
CC(C)NC(=O)c1cc2ccccc2oc1=O,0
O=C(Nc1cccc(C(F)(F)F)c1)c1cc2ccccc2oc1=O,0
CN(C(=O)c1cc2ccccc2oc1=O)c1ccccc1,0
COc1ccc(NC(=O)c2cc3ccc(OCc4ccccc4)cc3oc2=O)cc1OC,0
O=C(NCc1ccccc1)c1cc2ccc(OCc3ccccc3)cc2oc1=O,0
O=C(Nc1c(F)c(F)c(F)c(F)c1F)c1cc2ccccc2oc1=O,0
O=C(NC1CCCCC1)c1cc2ccc(OCc3ccccc3)cc2oc1=O,0
COc1cccc(NC(=O)c2cc3ccccc3oc2=O)c1,0
Cc1cccc(Cl)c1NC(=O)c1cc2ccccc2oc1=O,0
O=C(NCCc1ccccc1)c1cc2ccccc2oc1=O,0
COc1cc(OC)c2cc(-c3cccs3)c(=O)oc2c1,0
O=c1oc2ccccc2cc1-c1cccs1,0
COc1ccc2oc(=O)c(-c3ccsc3)cc2c1,0
COc1ccc2cc(-c3cccs3)c(=O)oc2c1,0
COc1ccc2oc(=O)c(-c3cccs3)cc2c1,0
O=c1oc2ccccc2cc1-c1c[nH]c2ccccc12,0
COc1cc(OC)c2cc(-c3ccsc3)c(=O)oc2c1,0
COc1cc(OC)c2cc(-c3c[nH]c4ccccc34)c(=O)oc2c1,0
O=c1oc2ccccc2cc1-c1ccsc1,0
COc1ccc2oc(=O)c(-c3c[nH]c4ccccc34)cc2c1,0
COc1ccc2c(=O)cc(-c3ccc(C)cc3)oc2c1,0
Cc1ccc2c(c1)O[C@@H](c1ccccc1)CC2=O,0
O=C1C[C@H](c2ccccc2)Oc2cc(F)ccc21,0
COc1ccc2c(=S)cc(-c3ccc(F)cc3)oc2c1,0
O=c1cc(-c2ccc(F)cc2)oc2cc(F)ccc12,0
COc1ccc(-c2cc(=S)c3ccc(OC)cc3o2)cc1,0
Cc1ccc2c(=S)cc(-c3ccccc3)oc2c1,0
COc1ccc2c(=O)cc(-c3ccccc3)oc2c1,0
COc1ccc2c(=O)cc(-c3ccc(F)cc3)oc2c1,0
COc1ccc2c(c1)O[C@@H](c1ccc(F)cc1)CC2=O,0
COc1ccc(-c2cc(=S)c3ccc(C)cc3o2)cc1,0
COc1ccc(-c2cc(=S)c3ccc(F)cc3o2)cc1,0
Cc1ccc2c(=O)cc(-c3ccc(F)cc3)oc2c1,0
Cc1ccc(-c2cc(=O)c3ccccc3o2)cc1,0
COc1ccc2c(c1)O[C@H](c1ccc(F)cc1)CC2=O,0
Cc1ccc([C@@H]2CC(=O)c3ccc(C)cc3O2)cc1,0
Cc1ccc([C@H]2CC(=O)c3ccc(F)cc3O2)cc1,0
O=C1C[C@@H](c2ccccc2)Oc2cc(F)ccc21,0
Cc1ccc(-c2cc(=S)c3ccccc3o2)cc1,0
Cc1ccc(-c2cc(=O)c3ccc(F)cc3o2)cc1,0
Cc1ccc2c(c1)O[C@H](c1ccccc1)CC2=O,0
Cc1ccc2c(=O)cc(-c3ccccc3)oc2c1,0
Cc1ccc2c(=S)cc(-c3ccc(F)cc3)oc2c1,0
Fc1ccc(-c2cc(=S)c3ccc(F)cc3o2)cc1,0
Fc1ccc(-c2cc(=S)c3ccccc3o2)cc1,0
COc1ccc2c(=S)cc(-c3ccccc3)oc2c1,0
S=c1cc(-c2ccccc2)oc2ccccc12,0
Cc1ccc([C@H]2CC(=O)c3ccc(C)cc3O2)cc1,0
O=C1C[C@H](c2ccc(F)cc2)Oc2cc(F)ccc21,0
Cc1ccc(-c2cc(=S)c3ccc(C)cc3o2)cc1,0
Cc1ccc([C@@H]2CC(=O)c3ccc(F)cc3O2)cc1,0
O=C1C[C@@H](c2ccc(F)cc2)Oc2cc(F)ccc21,0
Cc1ccc2oc(=O)c(-c3ccc(N)cc3)cc2c1,0
Cc1ccc2oc(=O)c(-c3ccccc3[N+](=O)[O-])cc2c1,0
Cc1ccc2oc(=O)c(-c3cccc(N)c3)cc2c1,0
Cc1ccc2oc(=O)c(-c3cccc([N+](=O)[O-])c3)cc2c1,0
Cc1ccc2oc(=O)c(-c3ccccc3N)cc2c1,0
Cc1ccc(-c2cc3cc(C)ccc3oc2=O)cc1,0
COc1ccc2oc(=O)c(-c3ccc(C)cc3)cc2c1,0
COc1cc(-c2cc3cc(C)ccc3oc2=O)c(Br)c(OC)c1OC,0
COc1cc(OC)c(Br)c(-c2cc3cc(C)ccc3oc2=O)c1,0
COc1ccc(-c2cc3cc(C)ccc3oc2=O)cc1Br,0
CC(=O)COc1ccc2oc(=O)c(-c3ccc(C)cc3)cc2c1,0
COc1ccc2oc(=O)c(-c3cccc(C)c3)cc2c1,0
Cc1ccc2oc(=O)c(-c3ccccc3)cc2c1,0
Cc1ccc2oc(=O)c(-c3ccc(O)cc3)cc2c1,0
COc1cc(-c2cc3cc(C)ccc3oc2=O)ccc1Br,0
Cc1ccc(-c2cc3cc(OC4CCCC4)ccc3oc2=O)cc1,0
Cn1c(=O)c2c(nc(SCCc3ccc(C(F)(F)F)cc3)n2C)n(C)c1=O,0
O=C(/C=C/c1cccc(Cl)c1)c1ccccc1,0
COc1cccc(/C=C/C(=O)c2ccc(C)o2)c1,0
C1=CCN(CCc2ccccc2)CC1,0
COc1ccc(CCN2CC=CCC2)cc1,0
COc1ccc(CCN2CC=CCC2)cc1OC,0
Clc1ccc(CCN2CC=CCC2)c(Cl)c1,0
Nc1cccc(Oc2ccccc2)c1,0
Cl.Nc1ccc(CCCCc2ccccc2)cc1,0
Nc1ccc(-c2ccccc2)cc1,0
O=C1c2ccccc2C(=O)N1Cc1ccccc1,0
O=C(Cn1ccnc1)N1N=C(c2ccc(F)cc2)CC1c1cc(Cl)ccc1O,0
Cc1ccc(C2=NN(C(=O)Cn3ccnc3)C(c3cc(Cl)ccc3O)C2)cc1,0
COc1ccc(C2=NN(C(=O)Cn3ccnc3)C(c3ccccc3O)C2)cc1,0
COc1ccc(C2=NN(C(=O)Cn3ccnc3)C(c3cc(Cl)ccc3O)C2)cc1,0
Cc1ccc(C2=NN(C(=O)Cn3ccnc3)C(c3ccccc3O)C2)cc1,0
O=C(Cn1ccnc1)N1N=C(c2ccccc2)CC1c1ccccc1O,0
O=c1ccc2ccc(OCCNCCC3CCN(Cc4ccccc4)CC3)cc2o1,0
COc1cc(=O)oc2cc(OCCNC3CCN(Cc4ccccc4)CC3)ccc12,0
Cc1c(Cl)c(=O)oc2cc(OCCNC3CCN(Cc4ccccc4)CC3)ccc12,0
Cc1cc(=O)oc2cc(CNC3CCN(Cc4ccccc4)CC3)ccc12,0
Cc1cc2ccc(OCCNC3CCN(Cc4ccccc4)CC3)cc2oc1=O,0
Cc1cc(=O)oc2cc(OCCNC3CCN(Cc4ccccc4)CC3)ccc12,0
CCOc1cc(=O)oc2cc(OCCNC3CCN(Cc4ccccc4)CC3)ccc12,0
Cc1c(C)c2ccc(OCCNC3CCN(Cc4ccccc4)CC3)cc2oc1=O,0
O=c1ccc2ccc(OCCNC3CCN(Cc4ccccc4)CC3)cc2o1,0
O=c1cc(Cl)c2ccc(OCCNC3CCN(Cc4ccccc4)CC3)cc2o1,0
O=c1oc2cc(OCCNC3CCN(Cc4ccccc4)CC3)ccc2c2c1CCCC2,0
Cc1cc(=O)oc2cc(CNCCC3CCN(Cc4ccccc4)CC3)ccc12,0
O=c1cc(-c2ccccc2)c2ccc(OCCNC3CCN(Cc4ccccc4)CC3)cc2o1,0
O=c1cc(C(F)(F)F)c2ccc(OCCNC3CCN(Cc4ccccc4)CC3)cc2o1,0
O=c1ccc2ccc(OCCCNC3CCN(Cc4ccccc4)CC3)cc2o1,0
O=c1oc2c(O)cc(Br)cc2cc1-c1ccccc1,0
COc1ccc(-c2cc3cc(Br)cc(OC)c3oc2=O)cc1,0
COc1cc(Br)cc2cc(-c3ccccc3)c(=O)oc12,0
COc1cc(Br)cc2cc(C(=O)c3ccccc3)c(=O)oc12,0
COc1ccc(C(=O)c2cc3cc(Br)cc(OC)c3oc2=O)cc1,0
CCN(CC)CCOC(=O)/C=C/c1ccc2occ(C(=O)Nc3ccccc3)c(=O)c2c1,0
CN(C)CCOC(=O)/C=C/c1ccc2oc(C(=O)Nc3cccc(Cl)c3)cc(=O)c2c1,0
CCN(CC)CCOC(=O)/C=C/c1ccc2oc(C(=O)Nc3cccc(Cl)c3)cc(=O)c2c1,0
CN(C)CCOC(=O)/C=C/c1ccc2oc(C(=O)Nc3ccccc3)cc(=O)c2c1,0
CCN(CC)CCOC(=O)/C=C/c1ccc2oc(C(=O)Nc3ccc(C)c(C)c3)cc(=O)c2c1,0
CCN(CC)CCOC(=O)/C=C/c1ccc2occ(C(=O)Nc3ccc(C)c(C)c3)c(=O)c2c1,0
Cc1ccc(NC(=O)c2cc(=O)c3cc(/C=C/C(=O)OCCN(C)C)ccc3o2)cc1C,0
COc1ccc(NC(=O)c2coc3ccc(/C=C/C(=O)OCCN(C)C)cc3c2=O)cc1,0
O=C(O)/C=C/c1ccc2occ(C(=O)Nc3cccc(Cl)c3)c(=O)c2c1,0
CCN(CC)CCOC(=O)/C=C/c1ccc2occ(C(=O)Nc3ccc(Cl)cc3)c(=O)c2c1,0
CCN(CC)CCOC(=O)/C=C/c1ccc2occ(C(=O)Nc3cccc(Cl)c3)c(=O)c2c1,0
Cc1ccc(NC(=O)c2cc(=O)c3cc(/C=C/C(=O)O)ccc3o2)cc1,0
O=C(O)/C=C/c1ccc2oc(C(=O)Nc3ccc(Cl)cc3)cc(=O)c2c1,0
O=C(O)/C=C/c1ccc2occ(C(=O)Nc3ccc(Cl)cc3)c(=O)c2c1,0
Cc1ccc(NC(=O)c2coc3ccc(/C=C/C(=O)O)cc3c2=O)cc1C,0
CN(C)CCOC(=O)/C=C/c1ccc2occ(C(=O)Nc3cccc(Cl)c3)c(=O)c2c1,0
Cc1ccc(NC(=O)c2cc(=O)c3cc(/C=C/C(=O)O)ccc3o2)cc1C,0
O=C(O)/C=C/c1ccc2occ(C(=O)Nc3ccccc3)c(=O)c2c1,0
Cc1ccc(NC(=O)c2coc3ccc(/C=C/C(=O)OCCN(C)C)cc3c2=O)cc1C,0
COc1ccc(NC(=O)c2cc(=O)c3cc(/C=C/C(=O)O)ccc3o2)cc1,0
CN(C)CCOC(=O)/C=C/c1ccc2oc(C(=O)Nc3ccc(Cl)cc3)cc(=O)c2c1,0
CCN(CC)CCOC(=O)/C=C/c1ccc2oc(C(=O)Nc3ccc(OC)cc3)cc(=O)c2c1,0
O=C(O)/C=C/c1ccc2oc(C(=O)Nc3cccc(Cl)c3)cc(=O)c2c1,0
COc1ccc(NC(=O)c2coc3ccc(/C=C/C(=O)O)cc3c2=O)cc1,0
Cc1ccc(NC(=O)c2coc3ccc(/C=C/C(=O)OCCN(C)C)cc3c2=O)cc1,0
CN(C)CCOC(=O)/C=C/c1ccc2occ(C(=O)Nc3ccccc3)c(=O)c2c1,0
CCN(CC)CCOC(=O)/C=C/c1ccc2oc(C(=O)Nc3ccccc3)cc(=O)c2c1,0
CCN(CC)CCOC(=O)/C=C/c1ccc2oc(C(=O)Nc3ccc(C)cc3)cc(=O)c2c1,0
CCN(CC)CCOC(=O)/C=C/c1ccc2oc(C(=O)Nc3ccc(Cl)cc3)cc(=O)c2c1,0
CN(C)CCOC(=O)/C=C/c1ccc2occ(C(=O)Nc3ccc(Cl)cc3)c(=O)c2c1,0
CCN(CC)CCOC(=O)/C=C/c1ccc2occ(C(=O)Nc3ccc(C)cc3)c(=O)c2c1,0
CCN(CC)CCOC(=O)/C=C/c1ccc2occ(C(=O)Nc3ccc(OC)cc3)c(=O)c2c1,0
Cc1ccc(NC(=O)c2coc3ccc(/C=C/C(=O)O)cc3c2=O)cc1,0
O=C(O)/C=C/c1ccc2oc(C(=O)Nc3ccccc3)cc(=O)c2c1,0
COc1ccc2oc(=O)c(C(=O)Nc3cccc(C)c3)cc2c1,0
COc1ccc2occ(C(=O)Nc3cccc(C)c3)c(=O)c2c1,0
Cc1ccc2occ(C(=O)Nc3ccccc3)c(=O)c2c1,0
C[C@H](NCc1ccc(OCc2cccc(F)c2)cc1)C(N)=O,0
Cc1ccc2oc(=O)c(C(=O)Nc3cccc(O)c3)cc2c1,0
Cc1ccc2oc(=O)c(C(=O)Nc3ccc(Cl)cc3)cc2c1,0
COc1ccc2occ(C(=O)Nc3cccc(O)c3)c(=O)c2c1,0
Cc1ccc2occ(C(=O)Nc3cccc(Cl)c3)c(=O)c2c1,0
COc1ccc2occ(C(=O)Nc3cccc(Cl)c3)c(=O)c2c1,0
COc1ccc2oc(=O)c(C(=O)Nc3ccc(Cl)cc3)cc2c1,0
COc1ccc2oc(=O)c(C(=O)Nc3ccc(O)cc3)cc2c1,0
Cc1ccc2oc(=O)c(C(=O)Nc3cccc(Cl)c3)cc2c1,0
COc1ccc2occ(C(=O)Nc3ccc(Cl)cc3)c(=O)c2c1,0
COc1ccc2occ(C(=O)Nc3ccccc3)c(=O)c2c1,0
Cc1ccc2occ(C(=O)Nc3ccc(Cl)cc3)c(=O)c2c1,0
Cc1cccc(NC(=O)c2cc3cc(C)ccc3oc2=O)c1,0
COc1ccc2oc(=O)c(C(=O)Nc3ccccc3)cc2c1,0
COc1ccc2oc(=O)c(C(=O)Nc3cccc(Cl)c3)cc2c1,0
COc1ccc2occ(C(=O)Nc3ccc(O)cc3)c(=O)c2c1,0
COc1ccc2oc(=O)c(C(=O)Nc3ccc(C)cc3)cc2c1,0
COc1ccc2oc(=O)c(C(=O)Nc3cccc(O)c3)cc2c1,0
Cc1ccc2oc(=O)c(C(=O)Nc3ccccc3)cc2c1,0
Cc1ccc2occ(C(=O)Nc3cccc(O)c3)c(=O)c2c1,0
Cc1ccc(NC(=O)c2cc3cc(C)ccc3oc2=O)cc1,0
Cc1cccc(NC(=O)c2coc3ccc(C)cc3c2=O)c1,0
Cc1ccc2occ(C(=O)Nc3ccc(O)cc3)c(=O)c2c1,0
Cc1ccc2oc(=O)c(C(=O)Nc3ccc(O)cc3)cc2c1,0
COc1ccc2occ(C(=O)Nc3ccc(C)cc3)c(=O)c2c1,0
Cc1ccc(NC(=O)c2coc3ccc(C)cc3c2=O)cc1,0
C#CCOc1cccc(-c2cc(-c3cccc(OCC#C)c3)nc(-c3ccccc3)n2)c1,0
C#CCOc1ccc(-c2cc(-c3ccc(OCC#C)c(OC)c3)nc(N)n2)cc1,0
C#CCOc1ccccc1-c1cc(-c2ccccc2OCC#C)nc(-c2ccccc2)n1,0
C#CCOc1ccc(-c2cc(-c3ccc(OCC#C)c(OCC)c3)nc(C)n2)cc1,0
C#CCOc1cccc(-c2cc(-c3cccc(OCC#C)c3)nc(N)n2)c1,0
C#CCOc1ccc(-c2cc(-c3ccc(OCC#C)c(OCC)c3)nc(N)n2)cc1,0
CCOC(=O)Nc1cc2ccccc2oc1=O,0
COC(=O)Nc1cc2ccccc2oc1=O,0
O=C(Nc1cc2ccccc2oc1=O)Oc1ccccc1,0
CC(C)COC(=O)Nc1cc2ccccc2oc1=O,0
O=C(Nc1cc2ccccc2oc1=O)OCc1ccccc1,0
O=C(Nc1cc2ccccc2oc1=O)OCCBr,0
O=C(Nc1cc2ccccc2oc1=O)OCCl,0
CC(C)OC(=O)Nc1cc2ccccc2oc1=O,0
O=C1/C(=C/c2cccnc2)COc2ccccc21,0
CN(C)c1ncc(/C=C2\COc3cc(Cl)cc(Cl)c3C2=O)cn1,0
COc1ccc2c(c1)OC/C(=C\c1cnc(N(C)C)nc1)C2=O,0
Nc1ccc(/C=C2\COc3ccccc3C2=O)cn1,0
Nc1ncc(/C=C2\COc3ccccc3C2=O)cn1,0
CN(C)c1ncc(/C=C2\COc3ccccc3C2=O)cn1,0
O=C1/C(=C/c2ccccn2)COc2ccccc21,0
O=C1/C(=C/c2ccncc2)COc2ccccc21,0
CN(C)c1ccc(/C=C2\COc3ccccc3C2=O)cn1,0
CN1N=C(c2ccc(O)cc2O)CC1c1cccc(F)c1,0
CN1N=C(c2ccccc2)CC1c1ccc(Cl)cc1,0
CN1N=C(c2ccccc2)CC1c1ccccc1Cl,0
CCS(=O)(=O)Nc1cncc(-c2c(C#N)c3ccc(Cl)cc3n2C)c1,0
COc1ncc(C)cc1CC[C@@](O)(CC(=O)O)C(=O)O,0
Cc1cccc(NC(=O)c2nn(C)c(-c3ccccc3)c2C)n1,0
c1ccc([C@H]2C[C@@H]2NCc2cccnc2)cc1,0
C[C@H]1[C@@H](N)[C@H]1c1ccccc1.Cl,0
COc1ncccc1CN[C@H]1C[C@@H]1c1ccccc1,0
C[C@@H]1[C@H](N)[C@H]1c1ccccc1.Cl,0
C[C@@H]1[C@@H](N)[C@H]1c1ccccc1.Cl,0
CC1(C)CN=C(N2CCN(c3ncnc4sc(CC(F)(F)F)cc34)CC2)S1,0
C#CCN(C)CC(O)COc1ccc(-c2ccccc2)cc1,0
C#CCNCCCC[C@H](NC(=O)c1ccccc1)C(=O)OC(C)(C)C,0
COc1cc(OC)cc(-c2cc3cc(C)cc(Br)c3oc2=O)c1,0
Cc1ccc2oc(=O)c(-c3ccccc3Br)cc2c1,0
Cc1cc(Br)c2oc(=O)c(-c3ccccc3)cc2c1,0
COc1ccc(-c2cc3cc(C)cc(Br)c3oc2=O)cc1,0
NC/C(=C/F)CCc1ccc(F)cc1,0
O=C1CCc2ccc(OCc3cccc(Cl)c3)cc2N1,0
C/C(=N\Nc1nc(C)cs1)c1ccccn1,0
CCOC(=O)c1csc(N/N=C(\C)c2ccccn2)n1,0
C/C(=N/Nc1nc(C)cs1)c1ccncc1,0
O=C(CCl)Nc1cc2ccccc2oc1=O,0
O=C(CBr)Nc1cc2ccccc2oc1=O,0
O=C(Nc1cc2ccccc2oc1=O)c1ccc([N+](=O)[O-])cc1,0
COc1cc(C(=O)Nc2cc3ccccc3oc2=O)cc(OC)c1OC,0
O=c1oc2ccccc2cc1-c1ccccc1,0
COc1ccc(C(=O)Nc2cc3ccccc3oc2=O)cc1,0
O=C(Nc1cc2ccccc2oc1=O)c1ccc(Cl)c(Cl)c1,0
COc1ccc(C(=O)Nc2cc3ccccc3oc2=O)cc1OC,0
O=C(Nc1cc2ccccc2oc1=O)C1CCCCC1,0
Cc1ccc(C(=O)Nc2cc3ccccc3oc2=O)cc1,0
O=C(Nc1cc2ccccc2oc1=O)c1ccc(Cl)cc1,0
CN(CCCCOc1ccc(/C=C2\COc3ccccc3C2=O)cc1)c1ccccc1,0
CCN(CCCCOc1ccc(/C=C2\COc3ccccc3C2=O)cc1)c1ccccc1,0
CCN(CCCCCCOc1ccc(/C=C2\COc3ccccc3C2=O)cc1)Cc1ccccc1,0
CN1CCN(CCCCCCOc2ccc(/C=C3\COc4ccccc4C3=O)cc2)CC1,0
CN(C)CCCOc1ccc(/C=C2\COc3ccccc3C2=O)cc1,0
CN(CCCOc1ccc(/C=C2\COc3ccccc3C2=O)cc1)Cc1ccccc1,0
CN(C)CCOc1ccccc1/C=C1\COc2ccccc2C1=O,0
CN1CCN(CCCOc2ccc(/C=C3\COc4ccccc4C3=O)cc2)CC1,0
O=C1/C(=C/c2ccc(OCCCN3CCN(Cc4ccccc4)CC3)cc2)COc2ccccc21,0
O=C1/C(=C/c2ccc(OCCCCCCN3CCN(Cc4ccccc4)CC3)cc2)COc2ccccc21,0
CN(C)CCCOc1ccccc1/C=C1\COc2ccccc2C1=O,0
O=C1/C(=C/c2ccc(O)cc2)COc2ccccc21,0
CCN(CCOc1ccc(/C=C2\COc3ccccc3C2=O)cc1)Cc1ccccc1,0
CN(CCOc1ccc(/C=C2\COc3ccccc3C2=O)cc1)Cc1ccccc1,0
CN(CCCCCCOc1ccc(/C=C2\COc3ccccc3C2=O)cc1)Cc1ccccc1,0
CN1CCN(CCCCOc2ccc(/C=C3\COc4ccccc4C3=O)cc2)CC1,0
O=C1/C(=C/c2ccc(OCCN3CCN(Cc4ccccc4)CC3)cc2)COc2ccccc21,0
CCN(CC)CCOc1ccccc1/C=C1\COc2ccccc2C1=O,0
CN(C)CCCCOc1ccc(/C=C2\COc3ccccc3C2=O)cc1,0
CCN(CC)CCCOc1ccccc1/C=C1\COc2ccccc2C1=O,0
O=c1[nH]c(SCc2ccccc2)nc2ccccc12,0
Oc1nc(SCCOc2ccccc2)nc2ccccc12,0
O=c1[nH]c(SCc2ccc(F)cc2)nc2ccccc12,0
O=c1[nH]c(SCc2ccncc2)nc2ccccc12,0
O=c1[nH]c(SCc2ccc(C(F)(F)F)cc2)nc2ccccc12,0
O=c1[nH]c(SCc2cccc(I)c2)nc2ccccc12,0
O=c1[nH]c(SCc2ccc(Br)cc2)nc2ccccc12,0
O=c1[nH]c(SCc2cccc(Br)c2)nc2ccccc12,0
O=c1[nH]c(SCc2ccc(I)cc2)nc2ccccc12,0
Oc1nc(SCc2cccc(F)c2)nc2ccccc12,0
Oc1nc(SCc2cccc(Cl)c2)nc2ccccc12,0
O=C(CSc1nc(O)c2ccccc2n1)c1ccccc1,0
Oc1nc(SCc2ccc(Cl)cc2)nc2ccccc12,0
O=c1[nH]c(SCCCc2ccccc2)nc2ccccc12,0
NCc1ccnc(Cl)c1,0
O=C(/C=C/C=C/c1ccccc1)c1cc(F)ccc1O,0
O=C(/C=C/C=C/c1ccccc1)c1ccccc1O,0
O=C(/C=C/C=C/c1ccc([N+](=O)[O-])cc1)c1cc(Cl)ccc1O,0
COc1ccc(/C=C/C=C/C(=O)c2cc(F)ccc2O)cc1,0
COc1ccc(/C=C/C(O)=C/C(=O)c2ccccc2O)cc1OC,0
O=C(/C=C/C=C/c1ccc([N+](=O)[O-])cc1)c1ccccc1O,0
O=C(/C=C(O)/C=C/c1ccc(Cl)cc1)c1ccccc1O,0
O=C(/C=C(O)/C=C/c1ccc([N+](=O)[O-])cc1)c1ccccc1O,0
O=C(/C=C(O)/C=C/c1ccccc1)c1cc(F)ccc1O,0
O=C(/C=C(O)/C=C/c1ccc(Cl)cc1)c1cc(Cl)ccc1O,0
COc1ccc(/C=C/C(O)=C/C(=O)c2ccccc2O)cc1,0
COc1ccc(C(=O)/C=C/C=C/c2ccc(Cl)cc2)c(O)c1,0
COc1ccc(/C=C/C=C/C(=O)c2cc(Cl)ccc2O)cc1,0
O=C(/C=C/C=C/c1ccc(Cl)cc1)c1cc(Cl)ccc1O,0
O=C(/C=C/C=C/c1ccccc1)c1cc(Cl)ccc1O,0
Cc1ccc(/C=C/C(O)=C/C(=O)c2ccccc2O)cc1,0
O=C(/C=C(O)/C=C/c1ccccc1)c1ccccc1O,0
C#CCn1c(-c2ccc(C(=O)N/N=C/c3ccccc3OC)cc2)nc2ccccc21,0
O=c1c(CNc2cccc(Cl)c2)coc2ccccc12,0
O=C(Nc1cccc(F)c1)c1coc2ccccc2c1=O,0
Cc1ccc2oc(=O)c(-c3ccccc3OCc3cccc(F)c3)cc2c1,0
Cc1ccc2oc(=O)c(-c3ccc(OCc4cccc(F)c4)cc3)cc2c1,0
CC(=O)Oc1ccccc1-c1cc2cc(C)ccc2oc1=O,0
Cc1ccc2oc(=O)c(-c3cccc(OC(=O)N(C)C)c3)cc2c1,0
Cc1ccc2oc(=O)c(-c3cccc(OCc4ccccc4)c3)cc2c1,0
Cc1ccc2oc(=O)c(-c3cccc(OCc4cccc(F)c4)c3)cc2c1,0
Cc1ccc2oc(=O)c(-c3ccccc3OCc3ccccc3)cc2c1,0
CC(=O)Oc1cccc(-c2cc3cc(C)ccc3oc2=O)c1,0
CC(=O)Oc1ccc(-c2cc3cc(C)ccc3oc2=O)cc1,0
Cc1ccc2oc(=O)c(-c3ccc(OCc4ccccc4)cc3)cc2c1,0
Cc1ccc(S(=O)(=O)Oc2cccc(-c3cc4cc(C)ccc4oc3=O)c2)cc1,0
Cc1ccc2oc(=O)c(-c3cccc(OCCN(C)C)c3)cc2c1,0
Cc1ccc(C2=NN3C(=O)COc4ccccc4C3C2)cc1,0
O=C1COc2ccc(Cl)cc2C2CC(c3ccccc3F)=NN12,0
O=C1COc2ccc(Cl)cc2C2CC(c3ccccc3)=NN12,0
COc1ccc(C2=NN3C(=O)C(C)Oc4ccccc4C3C2)cc1,0
CC1Oc2ccccc2C2CC(c3ccc(Cl)cc3)=NN2C1=O,0
COc1ccc(C2=NN3C(=O)COc4ccc(Cl)cc4C3C2)cc1,0
CC1Oc2ccccc2C2CC(c3ccc(F)cc3)=NN2C1=O,0
Cc1ccc(C2=NN3C(=O)C(C)Oc4ccccc4C3C2)cc1,0
CC(C)c1ccc(C2=NN3C(=O)COc4ccccc4C3C2)cc1,0
O=C1COc2ccccc2C2CC(c3ccc(F)cc3)=NN12,0
CC1Oc2ccccc2C2CC(c3ccccc3)=NN2C1=O,0
COc1ccc(C2=NN3C(=O)COc4ccccc4C3C2)cc1,0
Cc1ccccc1C1=NN2C(=O)COc3ccccc3C2C1,0
C#CCN1CCC(/C=C/c2ccc(F)cc2)CC1.Cl,0
C#CCN1CCC(CCc2ccc(C(C)C)cc2)CC1.Cl,0
COc1ccc2cc(OCC3(C(=O)O)CN(C(=O)c4ccc(F)cc4)C3)ccc2c1,0
CNC(=O)Nc1ccc2c(c1)[C@@]1(CC2)OC(=O)N(CC(=O)N(Cc2ccc(F)cc2)[C@@H](C)C(F)(F)F)C1=O,0
O=C(Nc1cccnn1)N1CCC(=Cc2cccc(Oc3ccc(C(F)(F)F)cn3)c2)CC1,0
CNC(=O)Nc1ccc2c(c1)CC[C@@]21OC(=O)N(CC(=O)N(Cc2ccc(F)cc2)[C@@H](C)C(F)(F)F)C1=O,0
CCS(=O)(=O)c1cc2cc(C[C@](O)(CC(C)(C)c3ccc(F)cc3C(N)=O)C(F)(F)F)[nH]c2cn1,0
C[C@H](NC(=O)c1cnc2n1[C@](C)(Cc1ccc(C#N)cc1)C(=O)N2c1cc(Cl)c(F)c(Cl)c1)C(=O)NC1(c2ccccn2)CC1,0
C[C@H]1CN(c2cc(-c3n[nH]c4ccc(OC5(C)CC5)cc34)ncn2)C[C@@H](C)O1,0
O=C(NCc1ncc(C(F)(F)F)cc1Cl)c1ccc2c(c1)C1(CCS(=O)(=O)CC1)[C@H](C1CC1)N2S(=O)(=O)c1ccc(F)cc1,0
N#CC1(c2ccccn2)CCN(Cc2cc(C(=O)O)c(=O)n3ccccc23)CC1,0
O=C(O)c1cc(-c2ccc(C3CCNCC3)cc2)c2ccc(-c3ccc(C(F)(F)F)cc3)cc2c1,0
COCCOc1nc(-c2ccc(Cl)nc2)nc2c1CN(C(=O)c1ncn3ccccc13)CC2,0
C1=C(c2ccc(-c3ccccc3)cc2)CCN(C2CC2)C1,0
O=C1NC(=O)c2cc(Oc3ccccc3)ccc21,0
Cn1c(=O)c2c(nc(NCCc3cccc(Cl)c3)n2C)n(C)c1=O,0
Cn1c(=O)c2c(nc(SCc3ccc(Br)cc3)n2C)n(C)c1=O,0
O=C1/C(=C/c2ccc(O)c(O)c2)Oc2cc(O)ccc21,0
O=c1ccoc2ccc(OCc3ccc(Br)cc3)cc12,0
